{
    "camera_matrix": [
        1463.8513132893272,
        0.0,
        1919.2106863844444,
        0.0,
        1463.2676274809999,
        1073.1064665059414,
        0.0,
        0.0,
        1.0
    ],
    "distortion_coefficients": [
        2.2211691046846047,
        31.282619885011563,
        -0.00021860080248940246,
        -0.0002340026661546484,
        -11.323111862442275,
        2.1887083415671613,
        30.525481900214647,
        -10.735654651624097,
        0.0,
        0.0,
        0.0,
        0.0,
        0.0,
        0.0
    ],
    "avg_reprojection_error": 1.0156585465649424,
    "num_images": 185
}